<annotation>
	<folder>images</folder>
	<filename>videoplayback3397.jpg</filename>
	<path>/home/draget/w251/MIDS_HW8/images/videoplayback3397.jpg</path>
	<source>
		<database>Unknown</database>
	</source>
	<size>
		<width>1000</width>
		<height>563</height>
		<depth>3</depth>
	</size>
	<segmented>0</segmented>
	<object>
		<name>TIE Fighter</name>
		<pose>Unspecified</pose>
		<truncated>0</truncated>
		<difficult>0</difficult>
		<bndbox>
			<xmin>376</xmin>
			<ymin>79</ymin>
			<xmax>459</xmax>
			<ymax>175</ymax>
		</bndbox>
	</object>
	<object>
		<name>TIE Fighter</name>
		<pose>Unspecified</pose>
		<truncated>0</truncated>
		<difficult>0</difficult>
		<bndbox>
			<xmin>685</xmin>
			<ymin>132</ymin>
			<xmax>857</xmax>
			<ymax>315</ymax>
		</bndbox>
	</object>
</annotation>
