<annotation>
	<folder>images</folder>
	<filename>videoplayback3672.jpg</filename>
	<path>/home/draget/w251/MIDS_HW8/images/videoplayback3672.jpg</path>
	<source>
		<database>Unknown</database>
	</source>
	<size>
		<width>1000</width>
		<height>563</height>
		<depth>3</depth>
	</size>
	<segmented>0</segmented>
	<object>
		<name>Millenium Falcon</name>
		<pose>Unspecified</pose>
		<truncated>0</truncated>
		<difficult>0</difficult>
		<bndbox>
			<xmin>354</xmin>
			<ymin>166</ymin>
			<xmax>732</xmax>
			<ymax>402</ymax>
		</bndbox>
	</object>
	<object>
		<name>TIE Fighter</name>
		<pose>Unspecified</pose>
		<truncated>0</truncated>
		<difficult>0</difficult>
		<bndbox>
			<xmin>882</xmin>
			<ymin>330</ymin>
			<xmax>921</xmax>
			<ymax>368</ymax>
		</bndbox>
	</object>
</annotation>
