<annotation>
	<folder>images</folder>
	<filename>videoplayback4025.jpg</filename>
	<path>/home/draget/w251/MIDS_HW8/images/videoplayback4025.jpg</path>
	<source>
		<database>Unknown</database>
	</source>
	<size>
		<width>1000</width>
		<height>563</height>
		<depth>3</depth>
	</size>
	<segmented>0</segmented>
	<object>
		<name>TIE Fighter</name>
		<pose>Unspecified</pose>
		<truncated>0</truncated>
		<difficult>0</difficult>
		<bndbox>
			<xmin>563</xmin>
			<ymin>310</ymin>
			<xmax>661</xmax>
			<ymax>409</ymax>
		</bndbox>
	</object>
	<object>
		<name>TIE Fighter</name>
		<pose>Unspecified</pose>
		<truncated>0</truncated>
		<difficult>0</difficult>
		<bndbox>
			<xmin>699</xmin>
			<ymin>328</ymin>
			<xmax>810</xmax>
			<ymax>437</ymax>
		</bndbox>
	</object>
	<object>
		<name>Millenium Falcon</name>
		<pose>Unspecified</pose>
		<truncated>0</truncated>
		<difficult>0</difficult>
		<bndbox>
			<xmin>287</xmin>
			<ymin>94</ymin>
			<xmax>490</xmax>
			<ymax>475</ymax>
		</bndbox>
	</object>
</annotation>
