<annotation>
	<folder>images</folder>
	<filename>videoplayback3798.jpg</filename>
	<path>/home/draget/w251/MIDS_HW8/images/videoplayback3798.jpg</path>
	<source>
		<database>Unknown</database>
	</source>
	<size>
		<width>1000</width>
		<height>563</height>
		<depth>3</depth>
	</size>
	<segmented>0</segmented>
	<object>
		<name>TIE Fighter</name>
		<pose>Unspecified</pose>
		<truncated>0</truncated>
		<difficult>0</difficult>
		<bndbox>
			<xmin>471</xmin>
			<ymin>294</ymin>
			<xmax>514</xmax>
			<ymax>338</ymax>
		</bndbox>
	</object>
	<object>
		<name>Millenium Falcon</name>
		<pose>Unspecified</pose>
		<truncated>0</truncated>
		<difficult>0</difficult>
		<bndbox>
			<xmin>512</xmin>
			<ymin>332</ymin>
			<xmax>541</xmax>
			<ymax>352</ymax>
		</bndbox>
	</object>
	<object>
		<name>TIE Fighter</name>
		<pose>Unspecified</pose>
		<truncated>0</truncated>
		<difficult>0</difficult>
		<bndbox>
			<xmin>399</xmin>
			<ymin>74</ymin>
			<xmax>733</xmax>
			<ymax>323</ymax>
		</bndbox>
	</object>
</annotation>
