<annotation>
	<folder>images</folder>
	<filename>videoplayback5526.jpg</filename>
	<path>/home/draget/w251/MIDS_HW8/images/videoplayback5526.jpg</path>
	<source>
		<database>Unknown</database>
	</source>
	<size>
		<width>1000</width>
		<height>563</height>
		<depth>3</depth>
	</size>
	<segmented>0</segmented>
	<object>
		<name>TIE Fighter</name>
		<pose>Unspecified</pose>
		<truncated>0</truncated>
		<difficult>0</difficult>
		<bndbox>
			<xmin>279</xmin>
			<ymin>257</ymin>
			<xmax>366</xmax>
			<ymax>349</ymax>
		</bndbox>
	</object>
	<object>
		<name>Millenium Falcon</name>
		<pose>Unspecified</pose>
		<truncated>0</truncated>
		<difficult>0</difficult>
		<bndbox>
			<xmin>812</xmin>
			<ymin>169</ymin>
			<xmax>927</xmax>
			<ymax>243</ymax>
		</bndbox>
	</object>
</annotation>
