<annotation>
	<folder>images</folder>
	<filename>videoplayback5753.jpg</filename>
	<path>/home/draget/w251/MIDS_HW8/images/videoplayback5753.jpg</path>
	<source>
		<database>Unknown</database>
	</source>
	<size>
		<width>1000</width>
		<height>563</height>
		<depth>3</depth>
	</size>
	<segmented>0</segmented>
	<object>
		<name>TIE Fighter</name>
		<pose>Unspecified</pose>
		<truncated>1</truncated>
		<difficult>0</difficult>
		<bndbox>
			<xmin>1</xmin>
			<ymin>73</ymin>
			<xmax>196</xmax>
			<ymax>282</ymax>
		</bndbox>
	</object>
	<object>
		<name>Millenium Falcon</name>
		<pose>Unspecified</pose>
		<truncated>0</truncated>
		<difficult>0</difficult>
		<bndbox>
			<xmin>658</xmin>
			<ymin>226</ymin>
			<xmax>775</xmax>
			<ymax>389</ymax>
		</bndbox>
	</object>
</annotation>
