<annotation>
	<folder>images</folder>
	<filename>videoplayback3792.jpg</filename>
	<path>/home/draget/w251/MIDS_HW8/images/videoplayback3792.jpg</path>
	<source>
		<database>Unknown</database>
	</source>
	<size>
		<width>1000</width>
		<height>563</height>
		<depth>3</depth>
	</size>
	<segmented>0</segmented>
	<object>
		<name>TIE Fighter</name>
		<pose>Unspecified</pose>
		<truncated>0</truncated>
		<difficult>0</difficult>
		<bndbox>
			<xmin>441</xmin>
			<ymin>283</ymin>
			<xmax>497</xmax>
			<ymax>338</ymax>
		</bndbox>
	</object>
	<object>
		<name>Millenium Falcon</name>
		<pose>Unspecified</pose>
		<truncated>0</truncated>
		<difficult>0</difficult>
		<bndbox>
			<xmin>535</xmin>
			<ymin>330</ymin>
			<xmax>568</xmax>
			<ymax>352</ymax>
		</bndbox>
	</object>
</annotation>
