<annotation>
	<folder>images</folder>
	<filename>videoplayback0844.jpg</filename>
	<path>/home/draget/w251/MIDS_HW8/images/videoplayback0844.jpg</path>
	<source>
		<database>Unknown</database>
	</source>
	<size>
		<width>1000</width>
		<height>563</height>
		<depth>3</depth>
	</size>
	<segmented>0</segmented>
	<object>
		<name>TIE Fighter</name>
		<pose>Unspecified</pose>
		<truncated>0</truncated>
		<difficult>0</difficult>
		<bndbox>
			<xmin>213</xmin>
			<ymin>122</ymin>
			<xmax>229</xmax>
			<ymax>140</ymax>
		</bndbox>
	</object>
	<object>
		<name>Millenium Falcon</name>
		<pose>Unspecified</pose>
		<truncated>0</truncated>
		<difficult>0</difficult>
		<bndbox>
			<xmin>280</xmin>
			<ymin>218</ymin>
			<xmax>732</xmax>
			<ymax>332</ymax>
		</bndbox>
	</object>
</annotation>
