<annotation>
	<folder>images</folder>
	<filename>videoplayback1655.jpg</filename>
	<path>/home/draget/w251/MIDS_HW8/images/videoplayback1655.jpg</path>
	<source>
		<database>Unknown</database>
	</source>
	<size>
		<width>1000</width>
		<height>563</height>
		<depth>3</depth>
	</size>
	<segmented>0</segmented>
	<object>
		<name>Millenium Falcon</name>
		<pose>Unspecified</pose>
		<truncated>0</truncated>
		<difficult>0</difficult>
		<bndbox>
			<xmin>294</xmin>
			<ymin>285</ymin>
			<xmax>891</xmax>
			<ymax>447</ymax>
		</bndbox>
	</object>
	<object>
		<name>TIE Fighter</name>
		<pose>Unspecified</pose>
		<truncated>0</truncated>
		<difficult>0</difficult>
		<bndbox>
			<xmin>554</xmin>
			<ymin>239</ymin>
			<xmax>572</xmax>
			<ymax>254</ymax>
		</bndbox>
	</object>
</annotation>
