<annotation>
	<folder>images</folder>
	<filename>videoplayback0826.jpg</filename>
	<path>/home/draget/w251/MIDS_HW8/images/videoplayback0826.jpg</path>
	<source>
		<database>Unknown</database>
	</source>
	<size>
		<width>1000</width>
		<height>563</height>
		<depth>3</depth>
	</size>
	<segmented>0</segmented>
	<object>
		<name>TIE Fighter</name>
		<pose>Unspecified</pose>
		<truncated>0</truncated>
		<difficult>0</difficult>
		<bndbox>
			<xmin>44</xmin>
			<ymin>110</ymin>
			<xmax>58</xmax>
			<ymax>128</ymax>
		</bndbox>
	</object>
	<object>
		<name>TIE Fighter</name>
		<pose>Unspecified</pose>
		<truncated>0</truncated>
		<difficult>0</difficult>
		<bndbox>
			<xmin>324</xmin>
			<ymin>173</ymin>
			<xmax>336</xmax>
			<ymax>185</ymax>
		</bndbox>
	</object>
	<object>
		<name>Millenium Falcon</name>
		<pose>Unspecified</pose>
		<truncated>0</truncated>
		<difficult>0</difficult>
		<bndbox>
			<xmin>280</xmin>
			<ymin>221</ymin>
			<xmax>746</xmax>
			<ymax>339</ymax>
		</bndbox>
	</object>
</annotation>
