<annotation>
	<folder>images</folder>
	<filename>videoplayback3666.jpg</filename>
	<path>/home/draget/w251/MIDS_HW8/images/videoplayback3666.jpg</path>
	<source>
		<database>Unknown</database>
	</source>
	<size>
		<width>1000</width>
		<height>563</height>
		<depth>3</depth>
	</size>
	<segmented>0</segmented>
	<object>
		<name>Millenium Falcon</name>
		<pose>Unspecified</pose>
		<truncated>0</truncated>
		<difficult>0</difficult>
		<bndbox>
			<xmin>331</xmin>
			<ymin>182</ymin>
			<xmax>701</xmax>
			<ymax>343</ymax>
		</bndbox>
	</object>
	<object>
		<name>TIE Fighter</name>
		<pose>Unspecified</pose>
		<truncated>0</truncated>
		<difficult>0</difficult>
		<bndbox>
			<xmin>798</xmin>
			<ymin>306</ymin>
			<xmax>836</xmax>
			<ymax>341</ymax>
		</bndbox>
	</object>
	<object>
		<name>TIE Fighter</name>
		<pose>Unspecified</pose>
		<truncated>0</truncated>
		<difficult>0</difficult>
		<bndbox>
			<xmin>908</xmin>
			<ymin>264</ymin>
			<xmax>938</xmax>
			<ymax>297</ymax>
		</bndbox>
	</object>
</annotation>
