<annotation>
	<folder>images</folder>
	<filename>videoplayback2888.jpg</filename>
	<path>/home/draget/w251/MIDS_HW8/images/videoplayback2888.jpg</path>
	<source>
		<database>Unknown</database>
	</source>
	<size>
		<width>1000</width>
		<height>563</height>
		<depth>3</depth>
	</size>
	<segmented>0</segmented>
	<object>
		<name>TIE Fighter</name>
		<pose>Unspecified</pose>
		<truncated>0</truncated>
		<difficult>0</difficult>
		<bndbox>
			<xmin>466</xmin>
			<ymin>281</ymin>
			<xmax>553</xmax>
			<ymax>370</ymax>
		</bndbox>
	</object>
	<object>
		<name>TIE Fighter</name>
		<pose>Unspecified</pose>
		<truncated>0</truncated>
		<difficult>0</difficult>
		<bndbox>
			<xmin>696</xmin>
			<ymin>320</ymin>
			<xmax>748</xmax>
			<ymax>373</ymax>
		</bndbox>
	</object>
</annotation>
