<annotation>
	<folder>images</folder>
	<filename>videoplayback2783.jpg</filename>
	<path>/home/draget/w251/MIDS_HW8/images/videoplayback2783.jpg</path>
	<source>
		<database>Unknown</database>
	</source>
	<size>
		<width>1000</width>
		<height>563</height>
		<depth>3</depth>
	</size>
	<segmented>0</segmented>
	<object>
		<name>TIE Fighter</name>
		<pose>Unspecified</pose>
		<truncated>0</truncated>
		<difficult>0</difficult>
		<bndbox>
			<xmin>8</xmin>
			<ymin>325</ymin>
			<xmax>46</xmax>
			<ymax>383</ymax>
		</bndbox>
	</object>
	<object>
		<name>TIE Fighter</name>
		<pose>Unspecified</pose>
		<truncated>0</truncated>
		<difficult>0</difficult>
		<bndbox>
			<xmin>410</xmin>
			<ymin>207</ymin>
			<xmax>456</xmax>
			<ymax>262</ymax>
		</bndbox>
	</object>
</annotation>
