<annotation>
	<folder>images</folder>
	<filename>videoplayback3804.jpg</filename>
	<path>/home/draget/w251/MIDS_HW8/images/videoplayback3804.jpg</path>
	<source>
		<database>Unknown</database>
	</source>
	<size>
		<width>1000</width>
		<height>563</height>
		<depth>3</depth>
	</size>
	<segmented>0</segmented>
	<object>
		<name>TIE Fighter</name>
		<pose>Unspecified</pose>
		<truncated>0</truncated>
		<difficult>0</difficult>
		<bndbox>
			<xmin>342</xmin>
			<ymin>234</ymin>
			<xmax>456</xmax>
			<ymax>349</ymax>
		</bndbox>
	</object>
	<object>
		<name>TIE Fighter</name>
		<pose>Unspecified</pose>
		<truncated>0</truncated>
		<difficult>0</difficult>
		<bndbox>
			<xmin>495</xmin>
			<ymin>304</ymin>
			<xmax>528</xmax>
			<ymax>338</ymax>
		</bndbox>
	</object>
	<object>
		<name>Millenium Falcon</name>
		<pose>Unspecified</pose>
		<truncated>0</truncated>
		<difficult>0</difficult>
		<bndbox>
			<xmin>486</xmin>
			<ymin>336</ymin>
			<xmax>510</xmax>
			<ymax>357</ymax>
		</bndbox>
	</object>
</annotation>
