<annotation>
	<folder>images</folder>
	<filename>videoplayback4124.jpg</filename>
	<path>/home/draget/w251/MIDS_HW8/images/videoplayback4124.jpg</path>
	<source>
		<database>Unknown</database>
	</source>
	<size>
		<width>1000</width>
		<height>563</height>
		<depth>3</depth>
	</size>
	<segmented>0</segmented>
	<object>
		<name>TIE Fighter</name>
		<pose>Unspecified</pose>
		<truncated>0</truncated>
		<difficult>0</difficult>
		<bndbox>
			<xmin>557</xmin>
			<ymin>87</ymin>
			<xmax>735</xmax>
			<ymax>313</ymax>
		</bndbox>
	</object>
	<object>
		<name>Millenium Falcon</name>
		<pose>Unspecified</pose>
		<truncated>0</truncated>
		<difficult>0</difficult>
		<bndbox>
			<xmin>603</xmin>
			<ymin>218</ymin>
			<xmax>669</xmax>
			<ymax>311</ymax>
		</bndbox>
	</object>
</annotation>
