<annotation>
	<folder>images</folder>
	<filename>videoplayback3228.jpg</filename>
	<path>/home/draget/w251/MIDS_HW8/images/videoplayback3228.jpg</path>
	<source>
		<database>Unknown</database>
	</source>
	<size>
		<width>1000</width>
		<height>563</height>
		<depth>3</depth>
	</size>
	<segmented>0</segmented>
	<object>
		<name>Millenium Falcon</name>
		<pose>Unspecified</pose>
		<truncated>0</truncated>
		<difficult>0</difficult>
		<bndbox>
			<xmin>335</xmin>
			<ymin>272</ymin>
			<xmax>395</xmax>
			<ymax>302</ymax>
		</bndbox>
	</object>
	<object>
		<name>TIE Fighter</name>
		<pose>Unspecified</pose>
		<truncated>0</truncated>
		<difficult>0</difficult>
		<bndbox>
			<xmin>403</xmin>
			<ymin>289</ymin>
			<xmax>438</xmax>
			<ymax>326</ymax>
		</bndbox>
	</object>
	<object>
		<name>TIE Fighter</name>
		<pose>Unspecified</pose>
		<truncated>0</truncated>
		<difficult>0</difficult>
		<bndbox>
			<xmin>310</xmin>
			<ymin>290</ymin>
			<xmax>392</xmax>
			<ymax>381</ymax>
		</bndbox>
	</object>
</annotation>
