<annotation>
	<folder>images</folder>
	<filename>videoplayback1661.jpg</filename>
	<path>/home/draget/w251/MIDS_HW8/images/videoplayback1661.jpg</path>
	<source>
		<database>Unknown</database>
	</source>
	<size>
		<width>1000</width>
		<height>563</height>
		<depth>3</depth>
	</size>
	<segmented>0</segmented>
	<object>
		<name>Millenium Falcon</name>
		<pose>Unspecified</pose>
		<truncated>0</truncated>
		<difficult>0</difficult>
		<bndbox>
			<xmin>293</xmin>
			<ymin>249</ymin>
			<xmax>888</xmax>
			<ymax>446</ymax>
		</bndbox>
	</object>
	<object>
		<name>TIE Fighter</name>
		<pose>Unspecified</pose>
		<truncated>0</truncated>
		<difficult>0</difficult>
		<bndbox>
			<xmin>603</xmin>
			<ymin>238</ymin>
			<xmax>622</xmax>
			<ymax>257</ymax>
		</bndbox>
	</object>
</annotation>
