<annotation>
	<folder>images</folder>
	<filename>videoplayback2831.jpg</filename>
	<path>/home/draget/w251/MIDS_HW8/images/videoplayback2831.jpg</path>
	<source>
		<database>Unknown</database>
	</source>
	<size>
		<width>1000</width>
		<height>563</height>
		<depth>3</depth>
	</size>
	<segmented>0</segmented>
	<object>
		<name>TIE Fighter</name>
		<pose>Unspecified</pose>
		<truncated>0</truncated>
		<difficult>0</difficult>
		<bndbox>
			<xmin>458</xmin>
			<ymin>183</ymin>
			<xmax>574</xmax>
			<ymax>297</ymax>
		</bndbox>
	</object>
	<object>
		<name>TIE Fighter</name>
		<pose>Unspecified</pose>
		<truncated>0</truncated>
		<difficult>0</difficult>
		<bndbox>
			<xmin>699</xmin>
			<ymin>255</ymin>
			<xmax>827</xmax>
			<ymax>365</ymax>
		</bndbox>
	</object>
</annotation>
