<annotation>
	<folder>images</folder>
	<filename>videoplayback4118.jpg</filename>
	<path>/home/draget/w251/MIDS_HW8/images/videoplayback4118.jpg</path>
	<source>
		<database>Unknown</database>
	</source>
	<size>
		<width>1000</width>
		<height>563</height>
		<depth>3</depth>
	</size>
	<segmented>0</segmented>
	<object>
		<name>Millenium Falcon</name>
		<pose>Unspecified</pose>
		<truncated>0</truncated>
		<difficult>0</difficult>
		<bndbox>
			<xmin>456</xmin>
			<ymin>95</ymin>
			<xmax>594</xmax>
			<ymax>249</ymax>
		</bndbox>
	</object>
	<object>
		<name>TIE Fighter</name>
		<pose>Unspecified</pose>
		<truncated>1</truncated>
		<difficult>0</difficult>
		<bndbox>
			<xmin>752</xmin>
			<ymin>93</ymin>
			<xmax>1000</xmax>
			<ymax>442</ymax>
		</bndbox>
	</object>
</annotation>
