<annotation>
	<folder>images</folder>
	<filename>videoplayback6331.jpg</filename>
	<path>/home/draget/w251/MIDS_HW8/images/videoplayback6331.jpg</path>
	<source>
		<database>Unknown</database>
	</source>
	<size>
		<width>1000</width>
		<height>563</height>
		<depth>3</depth>
	</size>
	<segmented>0</segmented>
	<object>
		<name>TIE Fighter</name>
		<pose>Unspecified</pose>
		<truncated>0</truncated>
		<difficult>0</difficult>
		<bndbox>
			<xmin>450</xmin>
			<ymin>89</ymin>
			<xmax>495</xmax>
			<ymax>155</ymax>
		</bndbox>
	</object>
	<object>
		<name>TIE Fighter</name>
		<pose>Unspecified</pose>
		<truncated>0</truncated>
		<difficult>0</difficult>
		<bndbox>
			<xmin>384</xmin>
			<ymin>141</ymin>
			<xmax>427</xmax>
			<ymax>179</ymax>
		</bndbox>
	</object>
	<object>
		<name>Millenium Falcon</name>
		<pose>Unspecified</pose>
		<truncated>0</truncated>
		<difficult>0</difficult>
		<bndbox>
			<xmin>492</xmin>
			<ymin>266</ymin>
			<xmax>736</xmax>
			<ymax>398</ymax>
		</bndbox>
	</object>
</annotation>
