<annotation>
	<folder>images</folder>
	<filename>videoplayback5544.jpg</filename>
	<path>/home/draget/w251/MIDS_HW8/images/videoplayback5544.jpg</path>
	<source>
		<database>Unknown</database>
	</source>
	<size>
		<width>1000</width>
		<height>563</height>
		<depth>3</depth>
	</size>
	<segmented>0</segmented>
	<object>
		<name>TIE Fighter</name>
		<pose>Unspecified</pose>
		<truncated>0</truncated>
		<difficult>0</difficult>
		<bndbox>
			<xmin>327</xmin>
			<ymin>303</ymin>
			<xmax>367</xmax>
			<ymax>347</ymax>
		</bndbox>
	</object>
	<object>
		<name>Millenium Falcon</name>
		<pose>Unspecified</pose>
		<truncated>0</truncated>
		<difficult>0</difficult>
		<bndbox>
			<xmin>799</xmin>
			<ymin>158</ymin>
			<xmax>886</xmax>
			<ymax>185</ymax>
		</bndbox>
	</object>
</annotation>
