<annotation>
	<folder>images</folder>
	<filename>videoplayback1820.jpg</filename>
	<path>/home/draget/w251/MIDS_HW8/images/videoplayback1820.jpg</path>
	<source>
		<database>Unknown</database>
	</source>
	<size>
		<width>1000</width>
		<height>563</height>
		<depth>3</depth>
	</size>
	<segmented>0</segmented>
	<object>
		<name>TIE Fighter</name>
		<pose>Unspecified</pose>
		<truncated>0</truncated>
		<difficult>0</difficult>
		<bndbox>
			<xmin>222</xmin>
			<ymin>137</ymin>
			<xmax>280</xmax>
			<ymax>199</ymax>
		</bndbox>
	</object>
	<object>
		<name>TIE Fighter</name>
		<pose>Unspecified</pose>
		<truncated>0</truncated>
		<difficult>0</difficult>
		<bndbox>
			<xmin>278</xmin>
			<ymin>196</ymin>
			<xmax>308</xmax>
			<ymax>224</ymax>
		</bndbox>
	</object>
	<object>
		<name>Millenium Falcon</name>
		<pose>Unspecified</pose>
		<truncated>0</truncated>
		<difficult>0</difficult>
		<bndbox>
			<xmin>56</xmin>
			<ymin>221</ymin>
			<xmax>825</xmax>
			<ymax>472</ymax>
		</bndbox>
	</object>
</annotation>
