<annotation>
	<folder>images</folder>
	<filename>videoplayback3216.jpg</filename>
	<path>/home/draget/w251/MIDS_HW8/images/videoplayback3216.jpg</path>
	<source>
		<database>Unknown</database>
	</source>
	<size>
		<width>1000</width>
		<height>563</height>
		<depth>3</depth>
	</size>
	<segmented>0</segmented>
	<object>
		<name>Millenium Falcon</name>
		<pose>Unspecified</pose>
		<truncated>0</truncated>
		<difficult>0</difficult>
		<bndbox>
			<xmin>185</xmin>
			<ymin>309</ymin>
			<xmax>305</xmax>
			<ymax>351</ymax>
		</bndbox>
	</object>
	<object>
		<name>TIE Fighter</name>
		<pose>Unspecified</pose>
		<truncated>0</truncated>
		<difficult>0</difficult>
		<bndbox>
			<xmin>316</xmin>
			<ymin>292</ymin>
			<xmax>400</xmax>
			<ymax>370</ymax>
		</bndbox>
	</object>
</annotation>
