<annotation>
	<folder>images</folder>
	<filename>videoplayback6271.jpg</filename>
	<path>/home/draget/w251/MIDS_HW8/images/videoplayback6271.jpg</path>
	<source>
		<database>Unknown</database>
	</source>
	<size>
		<width>1000</width>
		<height>563</height>
		<depth>3</depth>
	</size>
	<segmented>0</segmented>
	<object>
		<name>Millenium Falcon</name>
		<pose>Unspecified</pose>
		<truncated>0</truncated>
		<difficult>0</difficult>
		<bndbox>
			<xmin>609</xmin>
			<ymin>166</ymin>
			<xmax>838</xmax>
			<ymax>462</ymax>
		</bndbox>
	</object>
	<object>
		<name>TIE Fighter</name>
		<pose>Unspecified</pose>
		<truncated>0</truncated>
		<difficult>0</difficult>
		<bndbox>
			<xmin>234</xmin>
			<ymin>84</ymin>
			<xmax>541</xmax>
			<ymax>381</ymax>
		</bndbox>
	</object>
</annotation>
