<annotation>
	<folder>images</folder>
	<filename>videoplayback3774.jpg</filename>
	<path>/home/draget/w251/MIDS_HW8/images/videoplayback3774.jpg</path>
	<source>
		<database>Unknown</database>
	</source>
	<size>
		<width>1000</width>
		<height>563</height>
		<depth>3</depth>
	</size>
	<segmented>0</segmented>
	<object>
		<name>TIE Fighter</name>
		<pose>Unspecified</pose>
		<truncated>0</truncated>
		<difficult>0</difficult>
		<bndbox>
			<xmin>402</xmin>
			<ymin>121</ymin>
			<xmax>645</xmax>
			<ymax>357</ymax>
		</bndbox>
	</object>
	<object>
		<name>Millenium Falcon</name>
		<pose>Unspecified</pose>
		<truncated>0</truncated>
		<difficult>0</difficult>
		<bndbox>
			<xmin>577</xmin>
			<ymin>294</ymin>
			<xmax>640</xmax>
			<ymax>321</ymax>
		</bndbox>
	</object>
</annotation>
