<annotation>
	<folder>images</folder>
	<filename>videoplayback6283.jpg</filename>
	<path>/home/draget/w251/MIDS_HW8/images/videoplayback6283.jpg</path>
	<source>
		<database>Unknown</database>
	</source>
	<size>
		<width>1000</width>
		<height>563</height>
		<depth>3</depth>
	</size>
	<segmented>0</segmented>
	<object>
		<name>TIE Fighter</name>
		<pose>Unspecified</pose>
		<truncated>0</truncated>
		<difficult>0</difficult>
		<bndbox>
			<xmin>165</xmin>
			<ymin>236</ymin>
			<xmax>415</xmax>
			<ymax>413</ymax>
		</bndbox>
	</object>
	<object>
		<name>Millenium Falcon</name>
		<pose>Unspecified</pose>
		<truncated>0</truncated>
		<difficult>0</difficult>
		<bndbox>
			<xmin>544</xmin>
			<ymin>273</ymin>
			<xmax>721</xmax>
			<ymax>490</ymax>
		</bndbox>
	</object>
</annotation>
