<annotation>
	<folder>images</folder>
	<filename>videoplayback1649.jpg</filename>
	<path>/home/draget/w251/MIDS_HW8/images/videoplayback1649.jpg</path>
	<source>
		<database>Unknown</database>
	</source>
	<size>
		<width>1000</width>
		<height>563</height>
		<depth>3</depth>
	</size>
	<segmented>0</segmented>
	<object>
		<name>Millenium Falcon</name>
		<pose>Unspecified</pose>
		<truncated>0</truncated>
		<difficult>0</difficult>
		<bndbox>
			<xmin>282</xmin>
			<ymin>281</ymin>
			<xmax>881</xmax>
			<ymax>451</ymax>
		</bndbox>
	</object>
	<object>
		<name>TIE Fighter</name>
		<pose>Unspecified</pose>
		<truncated>0</truncated>
		<difficult>0</difficult>
		<bndbox>
			<xmin>577</xmin>
			<ymin>240</ymin>
			<xmax>592</xmax>
			<ymax>257</ymax>
		</bndbox>
	</object>
	<object>
		<name>TIE Fighter</name>
		<pose>Unspecified</pose>
		<truncated>0</truncated>
		<difficult>0</difficult>
		<bndbox>
			<xmin>675</xmin>
			<ymin>251</ymin>
			<xmax>697</xmax>
			<ymax>273</ymax>
		</bndbox>
	</object>
</annotation>
