<annotation>
	<folder>images</folder>
	<filename>videoplayback2801.jpg</filename>
	<path>/home/draget/w251/MIDS_HW8/images/videoplayback2801.jpg</path>
	<source>
		<database>Unknown</database>
	</source>
	<size>
		<width>1000</width>
		<height>563</height>
		<depth>3</depth>
	</size>
	<segmented>0</segmented>
	<object>
		<name>TIE Fighter</name>
		<pose>Unspecified</pose>
		<truncated>0</truncated>
		<difficult>0</difficult>
		<bndbox>
			<xmin>334</xmin>
			<ymin>292</ymin>
			<xmax>382</xmax>
			<ymax>348</ymax>
		</bndbox>
	</object>
	<object>
		<name>TIE Fighter</name>
		<pose>Unspecified</pose>
		<truncated>0</truncated>
		<difficult>0</difficult>
		<bndbox>
			<xmin>621</xmin>
			<ymin>208</ymin>
			<xmax>671</xmax>
			<ymax>267</ymax>
		</bndbox>
	</object>
</annotation>
