<annotation>
	<folder>images</folder>
	<filename>videoplayback1673.jpg</filename>
	<path>/home/draget/w251/MIDS_HW8/images/videoplayback1673.jpg</path>
	<source>
		<database>Unknown</database>
	</source>
	<size>
		<width>1000</width>
		<height>563</height>
		<depth>3</depth>
	</size>
	<segmented>0</segmented>
	<object>
		<name>Millenium Falcon</name>
		<pose>Unspecified</pose>
		<truncated>0</truncated>
		<difficult>0</difficult>
		<bndbox>
			<xmin>301</xmin>
			<ymin>234</ymin>
			<xmax>884</xmax>
			<ymax>438</ymax>
		</bndbox>
	</object>
	<object>
		<name>TIE Fighter</name>
		<pose>Unspecified</pose>
		<truncated>0</truncated>
		<difficult>0</difficult>
		<bndbox>
			<xmin>542</xmin>
			<ymin>223</ymin>
			<xmax>561</xmax>
			<ymax>243</ymax>
		</bndbox>
	</object>
</annotation>
