<annotation>
	<folder>images</folder>
	<filename>videoplayback6086.jpg</filename>
	<path>/home/draget/w251/MIDS_HW8/images/videoplayback6086.jpg</path>
	<source>
		<database>Unknown</database>
	</source>
	<size>
		<width>1000</width>
		<height>563</height>
		<depth>3</depth>
	</size>
	<segmented>0</segmented>
	<object>
		<name>TIE Fighter</name>
		<pose>Unspecified</pose>
		<truncated>0</truncated>
		<difficult>0</difficult>
		<bndbox>
			<xmin>317</xmin>
			<ymin>210</ymin>
			<xmax>370</xmax>
			<ymax>262</ymax>
		</bndbox>
	</object>
	<object>
		<name>Millenium Falcon</name>
		<pose>Unspecified</pose>
		<truncated>0</truncated>
		<difficult>0</difficult>
		<bndbox>
			<xmin>353</xmin>
			<ymin>221</ymin>
			<xmax>701</xmax>
			<ymax>449</ymax>
		</bndbox>
	</object>
</annotation>
