<annotation>
	<folder>images</folder>
	<filename>videoplayback0862.jpg</filename>
	<path>/home/draget/w251/MIDS_HW8/images/videoplayback0862.jpg</path>
	<source>
		<database>Unknown</database>
	</source>
	<size>
		<width>1000</width>
		<height>563</height>
		<depth>3</depth>
	</size>
	<segmented>0</segmented>
	<object>
		<name>TIE Fighter</name>
		<pose>Unspecified</pose>
		<truncated>0</truncated>
		<difficult>0</difficult>
		<bndbox>
			<xmin>374</xmin>
			<ymin>151</ymin>
			<xmax>387</xmax>
			<ymax>167</ymax>
		</bndbox>
	</object>
	<object>
		<name>Millenium Falcon</name>
		<pose>Unspecified</pose>
		<truncated>0</truncated>
		<difficult>0</difficult>
		<bndbox>
			<xmin>272</xmin>
			<ymin>217</ymin>
			<xmax>733</xmax>
			<ymax>338</ymax>
		</bndbox>
	</object>
</annotation>
